{"basins": [{"basin_id": 158, "basin_outline": [[48.56708445248429, 12.199325637693352], [48.56702765462226, 12.199465091441024], [48.56748203573223, 12.200194541813529], [48.567801520005716, 12.200720175170169], [48.568085504332124, 12.2011170819905], [48.56833398930958, 12.201428171119915], [48.5686818662267, 12.20179289630617], [48.569043939660034, 12.202114712646985], [48.569398911097565, 12.202490165044598], [48.56991716492159, 12.20295143513308], [48.570179839489036, 12.203230342628421], [48.57036442080117, 12.203713067139626], [48.57047090971322, 12.20444251751213], [48.57060579534656, 12.205289967209586], [48.57070518453036, 12.205933599891178], [48.57075487904899, 12.20642705161374], [48.571003350909606, 12.207714316976963], [48.57115953259704, 12.208422312926752], [48.57132281293631, 12.209044491185626], [48.57153578649947, 12.209688123867217], [48.57181265079051, 12.210203030012536], [48.572032721325044, 12.210675027312382], [48.572401869748205, 12.211286478359895], [48.572572245034515, 12.211769202871102], [48.572721322939074, 12.212552289300401], [48.572863301487175, 12.21241283555269], [48.572721322939074, 12.211747748448381], [48.57249415643288, 12.211093388555431], [48.572139206723705, 12.210546300776032], [48.57188364139017, 12.21003139463075], [48.571628074764924, 12.209559397330908], [48.57143639894828, 12.208915764649314], [48.57128731725525, 12.208325768024519], [48.57110983847611, 12.20762849928609], [48.57089686311884, 12.206362688345587], [48.57073358140413, 12.205289967209586], [48.57047090971322, 12.203680885505548], [48.57030762662306, 12.203101616092113], [48.5699668602147, 12.202726163694498], [48.569477004479445, 12.202254166394656], [48.56907233746675, 12.201867986785684], [48.56872446323578, 12.201503261599472], [48.56842628341879, 12.20123508131545], [48.568142301006056, 12.20084890170648], [48.56788671547109, 12.200505630942946], [48.56757433139632, 12.200065815277176], [48.56723354656856, 12.199432909806946]]}], "name": "30a 1h"}